action,scope,processing_effect,publishing_effect
Create Experience,Experience,none,none
Add Trigger,Trigger,queues validation video recognition robustness readiness,none
Retry,Trigger,requeues retryable/failed work for selected Trigger,none
Replace image,Trigger,queues image and recognition workflow,none
Replace video,Trigger,queues video probe and readiness only,none
Regenerate recognition,Trigger,queues recognition artifact only,none
Regenerate QR,Experience,queues QR asset only,none
Exclude Trigger,Trigger,removes from readiness contribution,none
Reactivate Trigger,Trigger,queues processing for selected Trigger,none
